Workbook

Sheet NWA_Bewertungen
A1: Kategorie | B1: Kriterium | C1: Gewichtung | D1: Statisch | F1: Deklarativ | H1: Offen | J1: Chat
D2: Bewertung | E2: Gewichtet | F2: Bewertung | G2: Gewichtet | H2: Bewertung | I2: Gewichtet | J2: Bewertung | K2: Gewichtet
A3: UX | B3: Reaktionszeit | C3: 7.32 | D3: 95 | E3: =ROUND(D3*C3/100,2) -> 6.95 | F3: 70 | G3: =ROUND(F3*C3/100,2) -> 5.12 | H3: 40 | I3: =ROUND(H3*C3/100,2) -> 2.93 | J3: 90 | K3: =ROUND(J3*C3/100,2) -> 6.59
A4: UX | B4: Accessibility | C4: 3.99 | D4: 90 | E4: =ROUND(D4*C4/100,2) -> 3.59 | F4: 75 | G4: =ROUND(F4*C4/100,2) -> 2.99 | H4: 30 | I4: =ROUND(H4*C4/100,2) -> 1.2 | J4: 60 | K4: =ROUND(J4*C4/100,2) -> 2.39
A5: UX | B5: Responsiveness | C5: 4.83 | D5: 90 | E5: =ROUND(D5*C5/100,2) -> 4.35 | F5: 80 | G5: =ROUND(F5*C5/100,2) -> 3.86 | H5: 50 | I5: =ROUND(H5*C5/100,2) -> 2.42 | J5: 70 | K5: =ROUND(J5*C5/100,2) -> 3.38
A6: UX | B6: Generierungsgeschwindigkeit | C6: 7.15 | D6: 95 | E6: =ROUND(D6*C6/100,2) -> 6.79 | F6: 65 | G6: =ROUND(F6*C6/100,2) -> 4.65 | H6: 35 | I6: =ROUND(H6*C6/100,2) -> 2.5 | J6: 85 | K6: =ROUND(J6*C6/100,2) -> 6.08
A7: UX | B7: Darstellungskonsistenz | C7: 6.16 | D7: 95 | E7: =ROUND(D7*C7/100,2) -> 5.85 | F7: 80 | G7: =ROUND(F7*C7/100,2) -> 4.93 | H7: 35 | I7: =ROUND(H7*C7/100,2) -> 2.16 | J7: 75 | K7: =ROUND(J7*C7/100,2) -> 4.62
A8: UX | B8: Mehrsprachigkeit | C8: 5.16 | D8: 70 | E8: =ROUND(D8*C8/100,2) -> 3.61 | F8: 85 | G8: =ROUND(F8*C8/100,2) -> 4.39 | H8: 90 | I8: =ROUND(H8*C8/100,2) -> 4.64 | J8: 90 | K8: =ROUND(J8*C8/100,2) -> 4.64
A9: UX | B9: Statusanzeige | C9: 5.66 | D9: 90 | E9: =ROUND(D9*C9/100,2) -> 5.09 | F9: 80 | G9: =ROUND(F9*C9/100,2) -> 4.53 | H9: 50 | I9: =ROUND(H9*C9/100,2) -> 2.83 | J9: 70 | K9: =ROUND(J9*C9/100,2) -> 3.96
A10: UX | B10: Support für Corporate Design | C10: 3 | D10: 95 | E10: =ROUND(D10*C10/100,2) -> 2.85 | F10: 75 | G10: =ROUND(F10*C10/100,2) -> 2.25 | H10: 40 | I10: =ROUND(H10*C10/100,2) -> 1.2 | J10: 50 | K10: =ROUND(J10*C10/100,2) -> 1.5
A11: UX | B11: Individualisierbarkeit | C11: 2.16 | D11: 30 | E11: =ROUND(D11*C11/100,2) -> 0.65 | F11: 70 | G11: =ROUND(F11*C11/100,2) -> 1.51 | H11: 95 | I11: =ROUND(H11*C11/100,2) -> 2.05 | J11: 60 | K11: =ROUND(J11*C11/100,2) -> 1.3
A12: UX | B12: Fehlertoleranz | C12: 6.16 | D12: 90 | E12: =ROUND(D12*C12/100,2) -> 5.54 | F12: 75 | G12: =ROUND(F12*C12/100,2) -> 4.62 | H12: 40 | I12: =ROUND(H12*C12/100,2) -> 2.46 | J12: 70 | K12: =ROUND(J12*C12/100,2) -> 4.31
A13: UX | B13: Nachvollziehbarkeit | C13: 4.83 | D13: 95 | E13: =ROUND(D13*C13/100,2) -> 4.59 | F13: 80 | G13: =ROUND(F13*C13/100,2) -> 3.86 | H13: 45 | I13: =ROUND(H13*C13/100,2) -> 2.17 | J13: 70 | K13: =ROUND(J13*C13/100,2) -> 3.38
A14: Wirtschaftlichkeit | B14: Betriebskosten | C14: 7.15 | D14: 95 | E14: =ROUND(D14*C14/100,2) -> 6.79 | F14: 75 | G14: =ROUND(F14*C14/100,2) -> 5.36 | H14: 50 | I14: =ROUND(H14*C14/100,2) -> 3.58 | J14: 80 | K14: =ROUND(J14*C14/100,2) -> 5.72
... A20: Sicherheit | B20: Manipulationssicherheit | C20: 7.32 | D20: 95 | E20: =ROUND(D20*C20/100,2) -> 6.95 | F20: 85 | G20: =ROUND(F20*C20/100,2) -> 6.22 | H20: 25 | I20: =ROUND(H20*C20/100,2) -> 1.83 | J20: 90 | K20: =ROUND(J20*C20/100,2) -> 6.59

Sheet Sheet1
A1: UX | C1: =SUM(NWA_Bewertungen!C3:C13) -> 56.42 | E1: =SUM(NWA_Bewertungen!E3:E13) -> 49.86 | G1: =SUM(NWA_Bewertungen!G3:G13) -> 42.71 | I1: =SUM(NWA_Bewertungen!I3:I13) -> 26.56 | K1: =SUM(NWA_Bewertungen!K3:K13) -> 42.15
A2: Wirtschaftlichkeit | C2: =SUM(NWA_Bewertungen!C14:C15) -> 12.97 | E2: =SUM(NWA_Bewertungen!E14:E15) -> 11.16 | G2: =SUM(NWA_Bewertungen!G14:G15) -> 8.85 | I2: =SUM(NWA_Bewertungen!I14:I15) -> 5.62 | K2: =SUM(NWA_Bewertungen!K14:K15) -> 10.96
A3: Stabilität | C3: =SUM(NWA_Bewertungen!C16:C19) -> 23.29 | E3: =SUM(NWA_Bewertungen!E16:E19) -> 18.13 | G3: =SUM(NWA_Bewertungen!G16:G19) -> 18.64 | I3: =SUM(NWA_Bewertungen!I16:I19) -> 12.74 | K3: =SUM(NWA_Bewertungen!K16:K19) -> 17.19
A4: Sicherheit | C4: =SUM(NWA_Bewertungen!C20) -> 7.32 | E4: =SUM(NWA_Bewertungen!E20) -> 6.95 | G4: =SUM(NWA_Bewertungen!G20) -> 6.22 | I4: =SUM(NWA_Bewertungen!I20) -> 1.83 | K4: =SUM(NWA_Bewertungen!K20) -> 6.59
A5: Gesamt | C5: =SUM(NWA_Bewertungen!C3:C20) -> 100 | E5: =SUM(NWA_Bewertungen!E3:E20) -> 86.1 | G5: =SUM(NWA_Bewertungen!G3:G20) -> 76.42 | I5: =SUM(NWA_Bewertungen!I3:I20) -> 46.75 | K5: =SUM(NWA_Bewertungen!K3:K20) -> 76.89
